respondent_id,party_id,condition,dose_level,dv
1,Ind,Control,0,3
2,Rep,Control,0,3
3,Rep,Control,0,3
4,Ind,Control,0,3
5,Dem,Control,0,3
6,Dem,Control,0,3
7,Dem,Control,0,4
8,Rep,Control,0,3
9,Ind,Control,0,3
10,Rep,Control,0,3
11,Dem,Control,0,2
12,Rep,Control,0,3
13,Rep,Control,0,3
14,Dem,Control,0,3
15,Dem,Control,0,3
16,Dem,Control,0,3
17,Dem,Control,0,2
18,Ind,Control,0,3
19,Ind,Control,0,3
20,Dem,Control,0,2
21,Ind,Control,0,3
22,Dem,Control,0,2
23,Dem,Control,0,3
24,Ind,Control,0,3
25,Ind,Control,0,2
26,Rep,Control,0,4
27,Dem,Control,0,3
28,Ind,Control,0,3
29,Ind,Control,0,3
30,Dem,Control,0,4
31,Ind,Control,0,2
32,Dem,Control,0,3
33,Dem,Control,0,3
34,Rep,Control,0,3
35,Rep,Control,0,3
36,Rep,Control,0,3
37,Dem,Control,0,3
38,Dem,Control,0,3
39,Rep,Control,0,2
40,Ind,Control,0,2
41,Dem,Control,0,3
42,Ind,Control,0,3
43,Dem,Control,0,2
44,Rep,Control,0,2
45,Dem,Control,0,3
46,Ind,Control,0,4
47,Dem,Control,0,3
48,Ind,Control,0,3
49,Ind,Control,0,3
50,Dem,Control,0,4
51,Rep,Control,0,3
52,Rep,Control,0,3
53,Rep,Control,0,3
54,Rep,Control,0,3
55,Ind,Control,0,3
56,Rep,Control,0,4
57,Dem,Control,0,3
58,Dem,Control,0,3
59,Dem,Control,0,3
60,Dem,Control,0,2
61,Ind,Control,0,3
62,Dem,Control,0,3
63,Rep,Control,0,3
64,Ind,Control,0,5
65,Dem,Control,0,3
66,Ind,Control,0,3
67,Dem,Control,0,3
68,Rep,Control,0,4
69,Dem,Control,0,3
70,Rep,Control,0,2
71,Rep,Control,0,3
72,Dem,Control,0,3
73,Dem,Control,0,4
74,Rep,Control,0,4
75,Rep,Control,0,3
76,Rep,Control,0,4
77,Rep,Control,0,3
78,Dem,Control,0,3
79,Ind,Control,0,3
80,Dem,Control,0,3
81,Rep,Control,0,3
82,Ind,Control,0,4
83,Ind,Control,0,3
84,Dem,Control,0,3
85,Dem,Control,0,3
86,Dem,Control,0,3
87,Rep,Control,0,4
88,Ind,Control,0,2
89,Rep,Control,0,3
90,Ind,Control,0,4
91,Dem,Control,0,3
92,Rep,Control,0,3
93,Rep,Control,0,2
94,Ind,Control,0,3
95,Rep,Control,0,3
96,Ind,Control,0,3
97,Ind,Control,0,4
98,Ind,Control,0,4
99,Dem,Control,0,3
100,Dem,Control,0,3
101,Dem,Control,0,3
102,Ind,Control,0,3
103,Dem,Control,0,3
104,Ind,Control,0,3
105,Rep,Control,0,3
106,Dem,Control,0,4
107,Ind,Control,0,2
108,Rep,Control,0,4
109,Dem,Control,0,4
110,Dem,Control,0,3
111,Dem,Control,0,2
112,Dem,Control,0,3
113,Rep,Control,0,4
114,Rep,Control,0,3
115,Ind,Control,0,3
116,Rep,Control,0,3
117,Rep,Control,0,3
118,Dem,Control,0,3
119,Rep,Control,0,3
120,Ind,Control,0,3
121,Rep,Control,0,3
122,Rep,Control,0,3
123,Dem,Control,0,4
124,Dem,Control,0,3
125,Dem,Control,0,4
126,Ind,Control,0,4
127,Rep,Control,0,3
128,Rep,Control,0,3
129,Dem,Control,0,3
130,Ind,Control,0,3
131,Ind,Control,0,3
132,Dem,Control,0,3
133,Dem,Control,0,2
134,Ind,Control,0,4
135,Rep,Control,0,3
136,Dem,Control,0,3
137,Ind,Control,0,3
138,Rep,Control,0,3
139,Ind,Control,0,3
140,Rep,Control,0,3
141,Rep,Control,0,3
142,Dem,Control,0,2
143,Ind,Control,0,3
144,Dem,Control,0,4
145,Dem,Control,0,2
146,Dem,Control,0,3
147,Ind,Control,0,3
148,Ind,Control,0,3
149,Dem,Control,0,3
150,Dem,Control,0,3
151,Rep,Control,0,3
152,Dem,Control,0,4
153,Dem,Control,0,3
154,Ind,Control,0,3
155,Rep,Control,0,3
156,Dem,Control,0,4
157,Rep,Control,0,3
158,Rep,Control,0,3
159,Dem,Control,0,4
160,Rep,Control,0,3
161,Ind,Control,0,2
162,Ind,Control,0,3
163,Ind,Control,0,3
164,Ind,Control,0,3
165,Dem,Control,0,3
166,Rep,Control,0,3
167,Dem,Control,0,3
168,Dem,Control,0,3
169,Dem,Control,0,3
170,Ind,Control,0,3
171,Rep,Control,0,3
172,Dem,Control,0,3
173,Ind,Control,0,3
174,Dem,Control,0,4
175,Ind,Control,0,3
176,Dem,Control,0,3
177,Rep,Control,0,3
178,Ind,Control,0,4
179,Rep,Control,0,3
180,Dem,Control,0,3
181,Ind,Control,0,3
182,Dem,Control,0,3
183,Rep,Control,0,3
184,Rep,Control,0,2
185,Dem,Control,0,2
186,Ind,Control,0,2
187,Rep,Control,0,3
188,Ind,Control,0,4
189,Ind,Control,0,3
190,Dem,Control,0,3
191,Dem,Control,0,3
192,Rep,Control,0,4
193,Rep,Control,0,3
194,Ind,Control,0,3
195,Ind,Control,0,3
196,Ind,Control,0,3
197,Rep,Control,0,3
198,Rep,Control,0,4
199,Rep,Control,0,2
200,Rep,Control,0,3
201,Ind,Control,0,3
202,Dem,Control,0,2
203,Dem,Control,0,3
204,Rep,Control,0,4
205,Ind,Control,0,3
206,Dem,Control,0,3
207,Dem,Control,0,4
208,Ind,Control,0,4
209,Dem,Control,0,4
210,Dem,Control,0,3
211,Ind,Control,0,3
212,Rep,Control,0,2
213,Ind,Control,0,3
214,Dem,Control,0,3
215,Rep,Control,0,4
216,Dem,Control,0,3
217,Dem,Control,0,3
218,Rep,Control,0,3
219,Ind,Control,0,3
220,Rep,Control,0,4
221,Ind,Control,0,3
222,Ind,Control,0,3
223,Dem,Control,0,3
224,Ind,Control,0,2
225,Dem,Control,0,3
226,Dem,Control,0,3
227,Rep,Control,0,3
228,Ind,Control,0,3
229,Rep,Control,0,2
230,Ind,Control,0,3
231,Rep,Control,0,2
232,Ind,Control,0,3
233,Ind,Control,0,3
234,Ind,Control,0,2
235,Dem,Control,0,3
236,Rep,Control,0,3
237,Dem,Control,0,3
238,Dem,Control,0,4
239,Ind,Control,0,2
240,Dem,Control,0,3
241,Rep,Control,0,3
242,Rep,Control,0,3
243,Rep,Control,0,3
244,Ind,Control,0,3
245,Dem,Control,0,3
246,Rep,Control,0,3
247,Ind,Control,0,4
248,Rep,Control,0,3
249,Rep,Control,0,4
250,Rep,Control,0,3
251,Dem,Control,0,3
252,Ind,Control,0,2
253,Rep,Control,0,2
254,Dem,Control,0,2
255,Dem,Control,0,3
256,Ind,Control,0,3
257,Rep,Control,0,2
258,Rep,Control,0,3
259,Ind,Control,0,3
260,Dem,Control,0,3
261,Ind,Control,0,4
262,Rep,Control,0,3
263,Dem,Control,0,3
264,Ind,Control,0,3
265,Rep,Control,0,2
266,Rep,Control,0,3
267,Rep,Control,0,3
268,Rep,Control,0,3
269,Ind,Control,0,3
270,Dem,Control,0,3
271,Rep,Control,0,3
272,Rep,Control,0,3
273,Rep,Control,0,3
274,Rep,Control,0,3
275,Ind,Control,0,2
276,Ind,Control,0,4
277,Rep,Control,0,3
278,Ind,Control,0,3
279,Rep,Control,0,3
280,Rep,Control,0,3
281,Rep,Control,0,3
282,Ind,Control,0,3
283,Ind,Control,0,3
284,Dem,Control,0,3
285,Ind,Control,0,2
286,Dem,Control,0,3
287,Ind,Control,0,3
288,Ind,Control,0,3
289,Dem,Control,0,3
290,Ind,Control,0,2
291,Dem,Control,0,3
292,Dem,Control,0,3
293,Rep,Control,0,3
294,Ind,Control,0,2
295,Dem,Control,0,4
296,Ind,Control,0,3
297,Rep,Control,0,3
298,Dem,Control,0,3
299,Ind,Control,0,3
300,Dem,Control,0,4
301,Dem,Control,0,2
302,Ind,Control,0,3
303,Ind,Control,0,4
304,Ind,Control,0,3
305,Rep,Control,0,4
306,Rep,Control,0,3
307,Ind,Control,0,3
308,Dem,Control,0,3
309,Rep,Control,0,3
310,Dem,Control,0,3
311,Ind,Control,0,3
312,Dem,Control,0,2
313,Dem,Control,0,4
314,Rep,Control,0,2
315,Rep,Control,0,4
316,Rep,Control,0,4
317,Ind,Control,0,2
318,Dem,Control,0,3
319,Dem,Control,0,2
320,Dem,Control,0,3
321,Ind,Control,0,3
322,Rep,Control,0,3
323,Ind,Control,0,4
324,Dem,Control,0,4
325,Rep,Control,0,3
326,Rep,Control,0,3
327,Ind,Control,0,2
328,Ind,Control,0,3
329,Ind,Control,0,3
330,Dem,Control,0,4
331,Ind,Control,0,2
332,Rep,Control,0,3
333,Dem,Control,0,3
334,Dem,Control,0,3
335,Dem,Control,0,3
336,Dem,Control,0,3
337,Rep,Control,0,3
338,Rep,Control,0,3
339,Ind,Control,0,3
340,Dem,Control,0,3
341,Ind,Control,0,3
342,Ind,Control,0,3
343,Dem,Control,0,3
344,Ind,Control,0,3
345,Ind,Control,0,3
346,Ind,Control,0,4
347,Ind,Control,0,3
348,Dem,Control,0,3
349,Ind,Control,0,3
350,Ind,Control,0,3
351,Ind,Control,0,4
352,Rep,Control,0,3
353,Ind,Control,0,3
354,Dem,Control,0,3
355,Dem,Control,0,2
356,Ind,Control,0,2
357,Dem,Control,0,2
358,Ind,Control,0,3
359,Rep,Control,0,4
360,Ind,Control,0,4
361,Ind,Control,0,3
362,Ind,Control,0,3
363,Ind,Control,0,2
364,Ind,Control,0,3
365,Rep,Control,0,3
366,Ind,Control,0,3
367,Rep,Control,0,3
368,Rep,Control,0,3
369,Dem,Control,0,2
370,Dem,Control,0,3
371,Dem,Control,0,2
372,Dem,Control,0,3
373,Dem,Control,0,4
374,Rep,Control,0,3
375,Dem,Control,0,2
376,Dem,Control,0,3
377,Rep,Control,0,4
378,Dem,Control,0,4
379,Rep,Control,0,2
380,Dem,Control,0,3
381,Dem,Control,0,3
382,Rep,Control,0,3
383,Ind,Control,0,4
384,Rep,Control,0,2
385,Rep,Control,0,3
386,Rep,Control,0,3
387,Dem,Control,0,4
388,Dem,Control,0,3
389,Rep,Control,0,3
390,Rep,Control,0,3
391,Rep,Control,0,3
392,Ind,Control,0,3
393,Ind,Control,0,3
394,Rep,Control,0,3
395,Ind,Control,0,3
396,Rep,Control,0,3
397,Rep,Control,0,4
398,Ind,Control,0,3
399,Rep,Control,0,2
400,Rep,Control,0,4
401,Dem,Control,0,3
402,Rep,Control,0,3
403,Ind,Control,0,3
404,Rep,Control,0,4
405,Dem,Control,0,2
406,Rep,Control,0,5
407,Ind,Control,0,4
408,Dem,Control,0,3
409,Rep,Control,0,3
410,Dem,Control,0,3
411,Dem,Control,0,3
412,Rep,Control,0,3
413,Rep,Control,0,3
414,Ind,Control,0,3
415,Ind,Control,0,3
416,Ind,Control,0,3
417,Dem,Control,0,3
418,Dem,Control,0,4
419,Rep,Control,0,3
420,Rep,Control,0,2
421,Rep,Control,0,3
422,Rep,Control,0,3
423,Dem,Control,0,3
424,Ind,Control,0,3
425,Dem,Control,0,4
426,Ind,Control,0,3
427,Ind,Control,0,3
428,Rep,Control,0,3
429,Ind,Control,0,3
430,Dem,Control,0,2
431,Dem,Control,0,3
432,Rep,Control,0,3
433,Ind,Control,0,3
434,Dem,Control,0,3
435,Dem,Control,0,3
436,Rep,Control,0,3
437,Dem,Control,0,3
438,Rep,Control,0,3
439,Rep,Control,0,3
440,Dem,Control,0,3
441,Dem,Control,0,4
442,Rep,Control,0,3
443,Ind,Control,0,3
444,Ind,Control,0,4
445,Rep,Control,0,3
446,Rep,Control,0,3
447,Rep,Control,0,3
448,Rep,Control,0,3
449,Ind,Control,0,3
450,Dem,Control,0,3
451,Rep,Control,0,3
452,Ind,Control,0,3
453,Ind,Control,0,2
454,Rep,Control,0,3
455,Dem,Control,0,3
456,Ind,Control,0,3
457,Dem,Control,0,3
458,Ind,Control,0,3
459,Dem,Control,0,2
460,Dem,Control,0,3
461,Dem,Control,0,3
462,Ind,Control,0,3
463,Rep,Control,0,3
464,Ind,Control,0,3
465,Rep,Control,0,3
466,Ind,Control,0,2
467,Dem,Control,0,3
468,Rep,Control,0,2
469,Dem,Control,0,3
470,Rep,Control,0,3
471,Dem,Control,0,4
472,Rep,Control,0,2
473,Dem,Control,0,1
474,Rep,Control,0,3
475,Ind,Control,0,4
476,Rep,Control,0,4
477,Dem,Control,0,3
478,Ind,Control,0,3
479,Rep,Control,0,3
480,Ind,Control,0,3
481,Ind,Control,0,3
482,Rep,Control,0,3
483,Ind,Control,0,4
484,Ind,Control,0,4
485,Ind,Control,0,3
486,Rep,Control,0,3
487,Dem,Control,0,3
488,Dem,Control,0,2
489,Rep,Control,0,3
490,Rep,Control,0,3
491,Ind,Control,0,3
492,Ind,Control,0,3
493,Dem,Control,0,3
494,Dem,Control,0,4
495,Ind,Control,0,3
496,Ind,Control,0,3
497,Ind,Control,0,3
498,Dem,Control,0,3
499,Rep,Control,0,3
500,Rep,Control,0,3
501,Rep,Dose1,1,2
502,Ind,Dose1,1,3
503,Dem,Dose1,1,3
504,Rep,Dose1,1,2
505,Rep,Dose1,1,2
506,Dem,Dose1,1,4
507,Rep,Dose1,1,3
508,Rep,Dose1,1,3
509,Rep,Dose1,1,3
510,Rep,Dose1,1,2
511,Ind,Dose1,1,3
512,Ind,Dose1,1,3
513,Rep,Dose1,1,3
514,Rep,Dose1,1,2
515,Dem,Dose1,1,2
516,Dem,Dose1,1,3
517,Ind,Dose1,1,4
518,Rep,Dose1,1,3
519,Rep,Dose1,1,3
520,Dem,Dose1,1,4
521,Ind,Dose1,1,3
522,Ind,Dose1,1,3
523,Rep,Dose1,1,2
524,Rep,Dose1,1,2
525,Rep,Dose1,1,3
526,Ind,Dose1,1,4
527,Ind,Dose1,1,3
528,Dem,Dose1,1,3
529,Dem,Dose1,1,4
530,Rep,Dose1,1,3
531,Rep,Dose1,1,2
532,Rep,Dose1,1,1
533,Rep,Dose1,1,2
534,Ind,Dose1,1,2
535,Rep,Dose1,1,2
536,Rep,Dose1,1,2
537,Rep,Dose1,1,2
538,Dem,Dose1,1,4
539,Ind,Dose1,1,3
540,Dem,Dose1,1,4
541,Rep,Dose1,1,3
542,Ind,Dose1,1,3
543,Dem,Dose1,1,4
544,Rep,Dose1,1,2
545,Ind,Dose1,1,3
546,Ind,Dose1,1,3
547,Dem,Dose1,1,3
548,Rep,Dose1,1,3
549,Ind,Dose1,1,3
550,Rep,Dose1,1,2
551,Ind,Dose1,1,3
552,Rep,Dose1,1,3
553,Ind,Dose1,1,3
554,Ind,Dose1,1,4
555,Rep,Dose1,1,2
556,Ind,Dose1,1,3
557,Dem,Dose1,1,3
558,Dem,Dose1,1,4
559,Rep,Dose1,1,2
560,Ind,Dose1,1,3
561,Rep,Dose1,1,3
562,Dem,Dose1,1,3
563,Dem,Dose1,1,4
564,Dem,Dose1,1,3
565,Ind,Dose1,1,3
566,Ind,Dose1,1,3
567,Ind,Dose1,1,2
568,Ind,Dose1,1,3
569,Rep,Dose1,1,4
570,Ind,Dose1,1,3
571,Ind,Dose1,1,3
572,Rep,Dose1,1,2
573,Ind,Dose1,1,3
574,Ind,Dose1,1,3
575,Rep,Dose1,1,2
576,Rep,Dose1,1,3
577,Dem,Dose1,1,4
578,Rep,Dose1,1,3
579,Ind,Dose1,1,3
580,Dem,Dose1,1,4
581,Ind,Dose1,1,3
582,Rep,Dose1,1,3
583,Ind,Dose1,1,3
584,Dem,Dose1,1,3
585,Ind,Dose1,1,3
586,Dem,Dose1,1,4
587,Dem,Dose1,1,3
588,Dem,Dose1,1,3
589,Dem,Dose1,1,4
590,Dem,Dose1,1,4
591,Dem,Dose1,1,4
592,Ind,Dose1,1,3
593,Dem,Dose1,1,3
594,Ind,Dose1,1,4
595,Rep,Dose1,1,2
596,Ind,Dose1,1,3
597,Ind,Dose1,1,3
598,Dem,Dose1,1,3
599,Dem,Dose1,1,3
600,Dem,Dose1,1,4
601,Dem,Dose1,1,4
602,Dem,Dose1,1,4
603,Dem,Dose1,1,3
604,Dem,Dose1,1,3
605,Dem,Dose1,1,3
606,Ind,Dose1,1,3
607,Dem,Dose1,1,4
608,Ind,Dose1,1,3
609,Ind,Dose1,1,3
610,Rep,Dose1,1,3
611,Dem,Dose1,1,4
612,Rep,Dose1,1,3
613,Ind,Dose1,1,4
614,Dem,Dose1,1,3
615,Rep,Dose1,1,2
616,Rep,Dose1,1,2
617,Dem,Dose1,1,3
618,Dem,Dose1,1,4
619,Rep,Dose1,1,3
620,Rep,Dose1,1,2
621,Dem,Dose1,1,3
622,Dem,Dose1,1,4
623,Ind,Dose1,1,3
624,Ind,Dose1,1,4
625,Ind,Dose1,1,2
626,Ind,Dose1,1,3
627,Ind,Dose1,1,4
628,Rep,Dose1,1,3
629,Dem,Dose1,1,3
630,Dem,Dose1,1,3
631,Rep,Dose1,1,2
632,Rep,Dose1,1,3
633,Ind,Dose1,1,2
634,Ind,Dose1,1,4
635,Dem,Dose1,1,3
636,Ind,Dose1,1,3
637,Ind,Dose1,1,3
638,Dem,Dose1,1,4
639,Dem,Dose1,1,3
640,Ind,Dose1,1,3
641,Dem,Dose1,1,5
642,Dem,Dose1,1,3
643,Dem,Dose1,1,4
644,Dem,Dose1,1,3
645,Dem,Dose1,1,4
646,Rep,Dose1,1,3
647,Ind,Dose1,1,3
648,Rep,Dose1,1,3
649,Rep,Dose1,1,3
650,Ind,Dose1,1,3
651,Dem,Dose1,1,4
652,Ind,Dose1,1,2
653,Ind,Dose1,1,3
654,Rep,Dose1,1,3
655,Ind,Dose1,1,4
656,Dem,Dose1,1,4
657,Dem,Dose1,1,3
658,Ind,Dose1,1,3
659,Ind,Dose1,1,2
660,Ind,Dose1,1,3
661,Ind,Dose1,1,4
662,Rep,Dose1,1,2
663,Ind,Dose1,1,3
664,Dem,Dose1,1,4
665,Dem,Dose1,1,3
666,Dem,Dose1,1,3
667,Dem,Dose1,1,5
668,Dem,Dose1,1,3
669,Dem,Dose1,1,3
670,Dem,Dose1,1,3
671,Dem,Dose1,1,4
672,Rep,Dose1,1,2
673,Dem,Dose1,1,3
674,Ind,Dose1,1,4
675,Ind,Dose1,1,4
676,Rep,Dose1,1,2
677,Dem,Dose1,1,3
678,Ind,Dose1,1,4
679,Rep,Dose1,1,2
680,Rep,Dose1,1,3
681,Rep,Dose1,1,2
682,Dem,Dose1,1,4
683,Dem,Dose1,1,3
684,Ind,Dose1,1,3
685,Rep,Dose1,1,3
686,Ind,Dose1,1,3
687,Ind,Dose1,1,3
688,Dem,Dose1,1,4
689,Rep,Dose1,1,3
690,Dem,Dose1,1,4
691,Dem,Dose1,1,4
692,Ind,Dose1,1,2
693,Ind,Dose1,1,4
694,Dem,Dose1,1,4
695,Dem,Dose1,1,3
696,Ind,Dose1,1,2
697,Dem,Dose1,1,3
698,Ind,Dose1,1,4
699,Dem,Dose1,1,3
700,Ind,Dose1,1,4
701,Ind,Dose1,1,2
702,Dem,Dose1,1,3
703,Ind,Dose1,1,2
704,Dem,Dose1,1,4
705,Dem,Dose1,1,4
706,Rep,Dose1,1,2
707,Dem,Dose1,1,2
708,Rep,Dose1,1,3
709,Dem,Dose1,1,4
710,Rep,Dose1,1,3
711,Rep,Dose1,1,3
712,Ind,Dose1,1,3
713,Ind,Dose1,1,3
714,Ind,Dose1,1,4
715,Ind,Dose1,1,2
716,Rep,Dose1,1,3
717,Rep,Dose1,1,2
718,Rep,Dose1,1,2
719,Dem,Dose1,1,4
720,Rep,Dose1,1,2
721,Rep,Dose1,1,2
722,Dem,Dose1,1,4
723,Dem,Dose1,1,3
724,Rep,Dose1,1,2
725,Ind,Dose1,1,3
726,Rep,Dose1,1,2
727,Dem,Dose1,1,4
728,Rep,Dose1,1,3
729,Dem,Dose1,1,3
730,Dem,Dose1,1,3
731,Dem,Dose1,1,4
732,Rep,Dose1,1,2
733,Ind,Dose1,1,3
734,Ind,Dose1,1,3
735,Ind,Dose1,1,3
736,Rep,Dose1,1,2
737,Ind,Dose1,1,3
738,Rep,Dose1,1,3
739,Ind,Dose1,1,4
740,Ind,Dose1,1,4
741,Ind,Dose1,1,3
742,Dem,Dose1,1,3
743,Rep,Dose1,1,2
744,Ind,Dose1,1,3
745,Dem,Dose1,1,4
746,Rep,Dose1,1,3
747,Ind,Dose1,1,3
748,Ind,Dose1,1,2
749,Rep,Dose1,1,3
750,Ind,Dose1,1,3
751,Dem,Dose1,1,3
752,Rep,Dose1,1,3
753,Ind,Dose1,1,4
754,Ind,Dose1,1,5
755,Dem,Dose1,1,4
756,Rep,Dose1,1,2
757,Ind,Dose1,1,3
758,Ind,Dose1,1,4
759,Rep,Dose1,1,2
760,Rep,Dose1,1,3
761,Dem,Dose1,1,4
762,Dem,Dose1,1,4
763,Dem,Dose1,1,4
764,Rep,Dose1,1,3
765,Dem,Dose1,1,4
766,Ind,Dose1,1,3
767,Rep,Dose1,1,2
768,Rep,Dose1,1,2
769,Ind,Dose1,1,3
770,Rep,Dose1,1,3
771,Dem,Dose1,1,4
772,Rep,Dose1,1,3
773,Dem,Dose1,1,3
774,Ind,Dose1,1,3
775,Rep,Dose1,1,2
776,Dem,Dose1,1,3
777,Dem,Dose1,1,4
778,Rep,Dose1,1,3
779,Rep,Dose1,1,2
780,Ind,Dose1,1,3
781,Rep,Dose1,1,2
782,Ind,Dose1,1,3
783,Dem,Dose1,1,4
784,Ind,Dose1,1,3
785,Dem,Dose1,1,4
786,Rep,Dose1,1,3
787,Ind,Dose1,1,3
788,Ind,Dose1,1,3
789,Ind,Dose1,1,3
790,Rep,Dose1,1,3
791,Dem,Dose1,1,4
792,Ind,Dose1,1,3
793,Ind,Dose1,1,2
794,Ind,Dose1,1,4
795,Dem,Dose1,1,3
796,Rep,Dose1,1,2
797,Rep,Dose1,1,3
798,Ind,Dose1,1,3
799,Rep,Dose1,1,3
800,Rep,Dose1,1,3
801,Rep,Dose1,1,3
802,Dem,Dose1,1,3
803,Ind,Dose1,1,4
804,Ind,Dose1,1,3
805,Ind,Dose1,1,3
806,Rep,Dose1,1,3
807,Rep,Dose1,1,2
808,Rep,Dose1,1,3
809,Ind,Dose1,1,3
810,Dem,Dose1,1,3
811,Rep,Dose1,1,2
812,Rep,Dose1,1,3
813,Dem,Dose1,1,3
814,Rep,Dose1,1,3
815,Rep,Dose1,1,2
816,Ind,Dose1,1,2
817,Ind,Dose1,1,3
818,Ind,Dose1,1,4
819,Dem,Dose1,1,3
820,Ind,Dose1,1,3
821,Rep,Dose1,1,3
822,Dem,Dose1,1,4
823,Ind,Dose1,1,4
824,Ind,Dose1,1,4
825,Ind,Dose1,1,3
826,Rep,Dose1,1,2
827,Ind,Dose1,1,3
828,Ind,Dose1,1,3
829,Rep,Dose1,1,2
830,Ind,Dose1,1,3
831,Dem,Dose1,1,4
832,Ind,Dose1,1,3
833,Dem,Dose1,1,4
834,Dem,Dose1,1,3
835,Ind,Dose1,1,3
836,Ind,Dose1,1,3
837,Rep,Dose1,1,3
838,Ind,Dose1,1,4
839,Ind,Dose1,1,2
840,Ind,Dose1,1,3
841,Dem,Dose1,1,3
842,Ind,Dose1,1,3
843,Dem,Dose1,1,3
844,Rep,Dose1,1,2
845,Dem,Dose1,1,3
846,Ind,Dose1,1,3
847,Dem,Dose1,1,4
848,Rep,Dose1,1,3
849,Ind,Dose1,1,3
850,Ind,Dose1,1,3
851,Dem,Dose1,1,3
852,Rep,Dose1,1,2
853,Dem,Dose1,1,4
854,Rep,Dose1,1,3
855,Dem,Dose1,1,3
856,Dem,Dose1,1,4
857,Dem,Dose1,1,4
858,Ind,Dose1,1,3
859,Ind,Dose1,1,4
860,Dem,Dose1,1,4
861,Rep,Dose1,1,2
862,Ind,Dose1,1,3
863,Ind,Dose1,1,4
864,Ind,Dose1,1,3
865,Ind,Dose1,1,3
866,Ind,Dose1,1,3
867,Dem,Dose1,1,4
868,Dem,Dose1,1,3
869,Rep,Dose1,1,3
870,Rep,Dose1,1,3
871,Ind,Dose1,1,3
872,Dem,Dose1,1,3
873,Ind,Dose1,1,2
874,Ind,Dose1,1,3
875,Dem,Dose1,1,4
876,Dem,Dose1,1,3
877,Rep,Dose1,1,3
878,Ind,Dose1,1,3
879,Dem,Dose1,1,4
880,Dem,Dose1,1,3
881,Dem,Dose1,1,3
882,Rep,Dose1,1,2
883,Dem,Dose1,1,4
884,Dem,Dose1,1,3
885,Rep,Dose1,1,2
886,Dem,Dose1,1,4
887,Ind,Dose1,1,3
888,Dem,Dose1,1,3
889,Dem,Dose1,1,4
890,Dem,Dose1,1,4
891,Rep,Dose1,1,2
892,Rep,Dose1,1,3
893,Rep,Dose1,1,2
894,Ind,Dose1,1,3
895,Ind,Dose1,1,3
896,Dem,Dose1,1,3
897,Dem,Dose1,1,3
898,Rep,Dose1,1,2
899,Dem,Dose1,1,3
900,Dem,Dose1,1,3
901,Dem,Dose1,1,3
902,Dem,Dose1,1,3
903,Dem,Dose1,1,4
904,Ind,Dose1,1,4
905,Ind,Dose1,1,3
906,Rep,Dose1,1,3
907,Rep,Dose1,1,3
908,Ind,Dose1,1,3
909,Dem,Dose1,1,4
910,Ind,Dose1,1,3
911,Ind,Dose1,1,3
912,Dem,Dose1,1,3
913,Ind,Dose1,1,4
914,Ind,Dose1,1,4
915,Ind,Dose1,1,3
916,Ind,Dose1,1,3
917,Dem,Dose1,1,4
918,Rep,Dose1,1,2
919,Rep,Dose1,1,3
920,Dem,Dose1,1,5
921,Rep,Dose1,1,2
922,Ind,Dose1,1,2
923,Rep,Dose1,1,3
924,Rep,Dose1,1,3
925,Ind,Dose1,1,3
926,Dem,Dose1,1,4
927,Dem,Dose1,1,3
928,Ind,Dose1,1,3
929,Ind,Dose1,1,3
930,Dem,Dose1,1,4
931,Dem,Dose1,1,4
932,Rep,Dose1,1,2
933,Rep,Dose1,1,2
934,Ind,Dose1,1,4
935,Dem,Dose1,1,3
936,Dem,Dose1,1,3
937,Dem,Dose1,1,4
938,Rep,Dose1,1,2
939,Dem,Dose1,1,3
940,Ind,Dose1,1,3
941,Dem,Dose1,1,3
942,Ind,Dose1,1,4
943,Ind,Dose1,1,2
944,Rep,Dose1,1,3
945,Dem,Dose1,1,3
946,Dem,Dose1,1,3
947,Dem,Dose1,1,4
948,Rep,Dose1,1,3
949,Rep,Dose1,1,3
950,Ind,Dose1,1,4
951,Ind,Dose1,1,3
952,Ind,Dose1,1,3
953,Dem,Dose1,1,3
954,Rep,Dose1,1,2
955,Ind,Dose1,1,5
956,Ind,Dose1,1,4
957,Ind,Dose1,1,2
958,Dem,Dose1,1,3
959,Dem,Dose1,1,4
960,Rep,Dose1,1,3
961,Dem,Dose1,1,4
962,Ind,Dose1,1,3
963,Dem,Dose1,1,3
964,Ind,Dose1,1,3
965,Dem,Dose1,1,4
966,Ind,Dose1,1,2
967,Rep,Dose1,1,2
968,Dem,Dose1,1,3
969,Ind,Dose1,1,3
970,Ind,Dose1,1,5
971,Ind,Dose1,1,3
972,Rep,Dose1,1,2
973,Rep,Dose1,1,3
974,Dem,Dose1,1,4
975,Dem,Dose1,1,4
976,Dem,Dose1,1,4
977,Ind,Dose1,1,4
978,Dem,Dose1,1,3
979,Ind,Dose1,1,3
980,Ind,Dose1,1,3
981,Ind,Dose1,1,3
982,Rep,Dose1,1,2
983,Dem,Dose1,1,3
984,Dem,Dose1,1,3
985,Rep,Dose1,1,3
986,Ind,Dose1,1,4
987,Rep,Dose1,1,2
988,Ind,Dose1,1,3
989,Dem,Dose1,1,3
990,Rep,Dose1,1,2
991,Rep,Dose1,1,2
992,Rep,Dose1,1,2
993,Dem,Dose1,1,5
994,Ind,Dose1,1,3
995,Ind,Dose1,1,2
996,Dem,Dose1,1,3
997,Rep,Dose1,1,3
998,Dem,Dose1,1,5
999,Rep,Dose1,1,2
1000,Ind,Dose1,1,2
1001,Dem,Dose2,2,5
1002,Ind,Dose2,2,3
1003,Rep,Dose2,2,2
1004,Rep,Dose2,2,2
1005,Rep,Dose2,2,1
1006,Ind,Dose2,2,3
1007,Rep,Dose2,2,2
1008,Rep,Dose2,2,2
1009,Dem,Dose2,2,3
1010,Ind,Dose2,2,3
1011,Dem,Dose2,2,4
1012,Rep,Dose2,2,2
1013,Rep,Dose2,2,2
1014,Dem,Dose2,2,4
1015,Rep,Dose2,2,2
1016,Rep,Dose2,2,2
1017,Dem,Dose2,2,4
1018,Ind,Dose2,2,3
1019,Rep,Dose2,2,2
1020,Dem,Dose2,2,3
1021,Rep,Dose2,2,2
1022,Dem,Dose2,2,4
1023,Rep,Dose2,2,3
1024,Rep,Dose2,2,1
1025,Rep,Dose2,2,3
1026,Ind,Dose2,2,4
1027,Rep,Dose2,2,2
1028,Rep,Dose2,2,3
1029,Dem,Dose2,2,4
1030,Rep,Dose2,2,2
1031,Dem,Dose2,2,4
1032,Ind,Dose2,2,4
1033,Dem,Dose2,2,5
1034,Dem,Dose2,2,4
1035,Dem,Dose2,2,3
1036,Rep,Dose2,2,2
1037,Ind,Dose2,2,3
1038,Rep,Dose2,2,2
1039,Dem,Dose2,2,5
1040,Dem,Dose2,2,4
1041,Ind,Dose2,2,3
1042,Rep,Dose2,2,2
1043,Dem,Dose2,2,4
1044,Ind,Dose2,2,2
1045,Rep,Dose2,2,2
1046,Ind,Dose2,2,3
1047,Dem,Dose2,2,5
1048,Dem,Dose2,2,4
1049,Rep,Dose2,2,1
1050,Dem,Dose2,2,4
1051,Rep,Dose2,2,2
1052,Ind,Dose2,2,3
1053,Rep,Dose2,2,2
1054,Rep,Dose2,2,2
1055,Rep,Dose2,2,2
1056,Ind,Dose2,2,2
1057,Rep,Dose2,2,2
1058,Ind,Dose2,2,4
1059,Ind,Dose2,2,4
1060,Ind,Dose2,2,3
1061,Rep,Dose2,2,2
1062,Rep,Dose2,2,2
1063,Rep,Dose2,2,2
1064,Ind,Dose2,2,4
1065,Ind,Dose2,2,3
1066,Rep,Dose2,2,2
1067,Dem,Dose2,2,4
1068,Dem,Dose2,2,5
1069,Ind,Dose2,2,4
1070,Dem,Dose2,2,4
1071,Dem,Dose2,2,4
1072,Dem,Dose2,2,5
1073,Dem,Dose2,2,4
1074,Dem,Dose2,2,4
1075,Rep,Dose2,2,3
1076,Ind,Dose2,2,4
1077,Ind,Dose2,2,3
1078,Rep,Dose2,2,2
1079,Dem,Dose2,2,4
1080,Rep,Dose2,2,2
1081,Rep,Dose2,2,2
1082,Dem,Dose2,2,4
1083,Ind,Dose2,2,4
1084,Rep,Dose2,2,3
1085,Rep,Dose2,2,2
1086,Ind,Dose2,2,4
1087,Ind,Dose2,2,3
1088,Dem,Dose2,2,4
1089,Rep,Dose2,2,3
1090,Dem,Dose2,2,4
1091,Rep,Dose2,2,2
1092,Ind,Dose2,2,3
1093,Ind,Dose2,2,3
1094,Ind,Dose2,2,3
1095,Dem,Dose2,2,4
1096,Dem,Dose2,2,3
1097,Dem,Dose2,2,4
1098,Dem,Dose2,2,4
1099,Rep,Dose2,2,2
1100,Ind,Dose2,2,4
1101,Dem,Dose2,2,4
1102,Rep,Dose2,2,3
1103,Rep,Dose2,2,2
1104,Rep,Dose2,2,2
1105,Rep,Dose2,2,1
1106,Dem,Dose2,2,4
1107,Ind,Dose2,2,3
1108,Rep,Dose2,2,2
1109,Rep,Dose2,2,1
1110,Dem,Dose2,2,4
1111,Rep,Dose2,2,2
1112,Dem,Dose2,2,4
1113,Dem,Dose2,2,4
1114,Ind,Dose2,2,3
1115,Ind,Dose2,2,4
1116,Ind,Dose2,2,3
1117,Dem,Dose2,2,4
1118,Rep,Dose2,2,2
1119,Dem,Dose2,2,4
1120,Dem,Dose2,2,4
1121,Rep,Dose2,2,2
1122,Rep,Dose2,2,2
1123,Rep,Dose2,2,1
1124,Rep,Dose2,2,1
1125,Ind,Dose2,2,3
1126,Ind,Dose2,2,2
1127,Dem,Dose2,2,4
1128,Ind,Dose2,2,3
1129,Ind,Dose2,2,4
1130,Dem,Dose2,2,4
1131,Rep,Dose2,2,2
1132,Ind,Dose2,2,4
1133,Dem,Dose2,2,4
1134,Dem,Dose2,2,4
1135,Rep,Dose2,2,2
1136,Dem,Dose2,2,3
1137,Rep,Dose2,2,2
1138,Ind,Dose2,2,4
1139,Ind,Dose2,2,3
1140,Ind,Dose2,2,3
1141,Rep,Dose2,2,2
1142,Ind,Dose2,2,3
1143,Rep,Dose2,2,2
1144,Ind,Dose2,2,4
1145,Dem,Dose2,2,5
1146,Rep,Dose2,2,1
1147,Rep,Dose2,2,2
1148,Ind,Dose2,2,4
1149,Rep,Dose2,2,2
1150,Rep,Dose2,2,3
1151,Rep,Dose2,2,3
1152,Rep,Dose2,2,3
1153,Rep,Dose2,2,2
1154,Rep,Dose2,2,3
1155,Ind,Dose2,2,3
1156,Rep,Dose2,2,2
1157,Dem,Dose2,2,4
1158,Rep,Dose2,2,3
1159,Rep,Dose2,2,2
1160,Dem,Dose2,2,5
1161,Rep,Dose2,2,2
1162,Dem,Dose2,2,3
1163,Ind,Dose2,2,3
1164,Rep,Dose2,2,1
1165,Dem,Dose2,2,4
1166,Rep,Dose2,2,2
1167,Rep,Dose2,2,2
1168,Ind,Dose2,2,3
1169,Dem,Dose2,2,5
1170,Dem,Dose2,2,4
1171,Ind,Dose2,2,3
1172,Rep,Dose2,2,3
1173,Ind,Dose2,2,4
1174,Dem,Dose2,2,4
1175,Ind,Dose2,2,4
1176,Ind,Dose2,2,4
1177,Rep,Dose2,2,2
1178,Dem,Dose2,2,4
1179,Rep,Dose2,2,3
1180,Ind,Dose2,2,4
1181,Rep,Dose2,2,2
1182,Ind,Dose2,2,3
1183,Ind,Dose2,2,4
1184,Rep,Dose2,2,2
1185,Dem,Dose2,2,4
1186,Rep,Dose2,2,2
1187,Rep,Dose2,2,3
1188,Dem,Dose2,2,4
1189,Dem,Dose2,2,4
1190,Rep,Dose2,2,2
1191,Dem,Dose2,2,4
1192,Ind,Dose2,2,3
1193,Ind,Dose2,2,2
1194,Ind,Dose2,2,3
1195,Dem,Dose2,2,4
1196,Rep,Dose2,2,1
1197,Rep,Dose2,2,2
1198,Rep,Dose2,2,2
1199,Rep,Dose2,2,3
1200,Dem,Dose2,2,5
1201,Rep,Dose2,2,2
1202,Dem,Dose2,2,4
1203,Dem,Dose2,2,4
1204,Dem,Dose2,2,4
1205,Ind,Dose2,2,3
1206,Rep,Dose2,2,2
1207,Rep,Dose2,2,1
1208,Ind,Dose2,2,4
1209,Dem,Dose2,2,4
1210,Rep,Dose2,2,2
1211,Ind,Dose2,2,4
1212,Ind,Dose2,2,3
1213,Dem,Dose2,2,4
1214,Rep,Dose2,2,2
1215,Rep,Dose2,2,2
1216,Dem,Dose2,2,4
1217,Dem,Dose2,2,4
1218,Rep,Dose2,2,2
1219,Ind,Dose2,2,3
1220,Dem,Dose2,2,4
1221,Rep,Dose2,2,2
1222,Dem,Dose2,2,3
1223,Ind,Dose2,2,3
1224,Rep,Dose2,2,2
1225,Ind,Dose2,2,3
1226,Ind,Dose2,2,3
1227,Ind,Dose2,2,3
1228,Dem,Dose2,2,4
1229,Rep,Dose2,2,2
1230,Ind,Dose2,2,3
1231,Rep,Dose2,2,1
1232,Dem,Dose2,2,3
1233,Dem,Dose2,2,4
1234,Dem,Dose2,2,4
1235,Ind,Dose2,2,3
1236,Ind,Dose2,2,3
1237,Rep,Dose2,2,2
1238,Ind,Dose2,2,3
1239,Rep,Dose2,2,2
1240,Dem,Dose2,2,4
1241,Rep,Dose2,2,2
1242,Rep,Dose2,2,2
1243,Rep,Dose2,2,2
1244,Rep,Dose2,2,2
1245,Rep,Dose2,2,2
1246,Ind,Dose2,2,2
1247,Dem,Dose2,2,4
1248,Dem,Dose2,2,4
1249,Rep,Dose2,2,2
1250,Ind,Dose2,2,5
1251,Rep,Dose2,2,2
1252,Ind,Dose2,2,3
1253,Dem,Dose2,2,4
1254,Dem,Dose2,2,3
1255,Rep,Dose2,2,2
1256,Ind,Dose2,2,3
1257,Dem,Dose2,2,4
1258,Ind,Dose2,2,3
1259,Dem,Dose2,2,4
1260,Ind,Dose2,2,3
1261,Dem,Dose2,2,5
1262,Rep,Dose2,2,2
1263,Dem,Dose2,2,5
1264,Ind,Dose2,2,4
1265,Dem,Dose2,2,4
1266,Dem,Dose2,2,4
1267,Ind,Dose2,2,3
1268,Ind,Dose2,2,2
1269,Ind,Dose2,2,3
1270,Dem,Dose2,2,4
1271,Rep,Dose2,2,2
1272,Rep,Dose2,2,1
1273,Rep,Dose2,2,2
1274,Dem,Dose2,2,5
1275,Ind,Dose2,2,4
1276,Dem,Dose2,2,4
1277,Dem,Dose2,2,4
1278,Rep,Dose2,2,2
1279,Dem,Dose2,2,3
1280,Ind,Dose2,2,3
1281,Ind,Dose2,2,4
1282,Rep,Dose2,2,2
1283,Ind,Dose2,2,3
1284,Dem,Dose2,2,4
1285,Dem,Dose2,2,5
1286,Ind,Dose2,2,4
1287,Dem,Dose2,2,5
1288,Ind,Dose2,2,3
1289,Dem,Dose2,2,4
1290,Dem,Dose2,2,3
1291,Ind,Dose2,2,4
1292,Dem,Dose2,2,3
1293,Ind,Dose2,2,3
1294,Rep,Dose2,2,1
1295,Rep,Dose2,2,2
1296,Dem,Dose2,2,4
1297,Dem,Dose2,2,4
1298,Dem,Dose2,2,4
1299,Ind,Dose2,2,3
1300,Rep,Dose2,2,2
1301,Dem,Dose2,2,3
1302,Rep,Dose2,2,2
1303,Dem,Dose2,2,5
1304,Ind,Dose2,2,3
1305,Rep,Dose2,2,2
1306,Rep,Dose2,2,2
1307,Rep,Dose2,2,3
1308,Rep,Dose2,2,2
1309,Ind,Dose2,2,3
1310,Rep,Dose2,2,2
1311,Dem,Dose2,2,3
1312,Rep,Dose2,2,2
1313,Ind,Dose2,2,3
1314,Rep,Dose2,2,2
1315,Ind,Dose2,2,3
1316,Ind,Dose2,2,3
1317,Ind,Dose2,2,3
1318,Rep,Dose2,2,3
1319,Dem,Dose2,2,4
1320,Dem,Dose2,2,4
1321,Dem,Dose2,2,3
1322,Dem,Dose2,2,4
1323,Rep,Dose2,2,2
1324,Dem,Dose2,2,4
1325,Rep,Dose2,2,2
1326,Ind,Dose2,2,3
1327,Dem,Dose2,2,4
1328,Rep,Dose2,2,2
1329,Ind,Dose2,2,2
1330,Ind,Dose2,2,2
1331,Ind,Dose2,2,3
1332,Rep,Dose2,2,2
1333,Dem,Dose2,2,3
1334,Rep,Dose2,2,2
1335,Rep,Dose2,2,2
1336,Ind,Dose2,2,4
1337,Dem,Dose2,2,4
1338,Rep,Dose2,2,2
1339,Dem,Dose2,2,4
1340,Dem,Dose2,2,3
1341,Dem,Dose2,2,4
1342,Ind,Dose2,2,3
1343,Rep,Dose2,2,2
1344,Rep,Dose2,2,4
1345,Rep,Dose2,2,1
1346,Ind,Dose2,2,4
1347,Ind,Dose2,2,3
1348,Ind,Dose2,2,3
1349,Rep,Dose2,2,2
1350,Dem,Dose2,2,4
1351,Rep,Dose2,2,2
1352,Ind,Dose2,2,3
1353,Ind,Dose2,2,2
1354,Rep,Dose2,2,2
1355,Ind,Dose2,2,3
1356,Rep,Dose2,2,1
1357,Rep,Dose2,2,2
1358,Ind,Dose2,2,4
1359,Dem,Dose2,2,4
1360,Ind,Dose2,2,3
1361,Rep,Dose2,2,2
1362,Dem,Dose2,2,4
1363,Ind,Dose2,2,4
1364,Ind,Dose2,2,4
1365,Rep,Dose2,2,2
1366,Dem,Dose2,2,4
1367,Rep,Dose2,2,2
1368,Rep,Dose2,2,3
1369,Dem,Dose2,2,4
1370,Dem,Dose2,2,4
1371,Rep,Dose2,2,2
1372,Dem,Dose2,2,4
1373,Rep,Dose2,2,2
1374,Ind,Dose2,2,3
1375,Dem,Dose2,2,4
1376,Rep,Dose2,2,2
1377,Ind,Dose2,2,4
1378,Ind,Dose2,2,4
1379,Ind,Dose2,2,4
1380,Ind,Dose2,2,3
1381,Dem,Dose2,2,4
1382,Ind,Dose2,2,4
1383,Rep,Dose2,2,2
1384,Dem,Dose2,2,5
1385,Ind,Dose2,2,3
1386,Dem,Dose2,2,4
1387,Rep,Dose2,2,1
1388,Dem,Dose2,2,4
1389,Rep,Dose2,2,2
1390,Ind,Dose2,2,3
1391,Dem,Dose2,2,4
1392,Dem,Dose2,2,4
1393,Dem,Dose2,2,4
1394,Ind,Dose2,2,3
1395,Ind,Dose2,2,3
1396,Rep,Dose2,2,1
1397,Ind,Dose2,2,3
1398,Dem,Dose2,2,3
1399,Ind,Dose2,2,4
1400,Rep,Dose2,2,2
1401,Dem,Dose2,2,4
1402,Dem,Dose2,2,5
1403,Dem,Dose2,2,4
1404,Rep,Dose2,2,3
1405,Ind,Dose2,2,4
1406,Ind,Dose2,2,3
1407,Rep,Dose2,2,3
1408,Rep,Dose2,2,1
1409,Ind,Dose2,2,3
1410,Rep,Dose2,2,2
1411,Dem,Dose2,2,4
1412,Dem,Dose2,2,3
1413,Dem,Dose2,2,5
1414,Dem,Dose2,2,4
1415,Ind,Dose2,2,3
1416,Rep,Dose2,2,2
1417,Dem,Dose2,2,3
1418,Dem,Dose2,2,4
1419,Ind,Dose2,2,2
1420,Rep,Dose2,2,2
1421,Dem,Dose2,2,3
1422,Ind,Dose2,2,4
1423,Dem,Dose2,2,4
1424,Dem,Dose2,2,4
1425,Rep,Dose2,2,3
1426,Rep,Dose2,2,2
1427,Dem,Dose2,2,4
1428,Rep,Dose2,2,2
1429,Ind,Dose2,2,3
1430,Rep,Dose2,2,3
1431,Ind,Dose2,2,4
1432,Ind,Dose2,2,3
1433,Ind,Dose2,2,2
1434,Ind,Dose2,2,3
1435,Dem,Dose2,2,4
1436,Dem,Dose2,2,4
1437,Dem,Dose2,2,3
1438,Rep,Dose2,2,3
1439,Dem,Dose2,2,5
1440,Rep,Dose2,2,2
1441,Rep,Dose2,2,2
1442,Dem,Dose2,2,4
1443,Rep,Dose2,2,2
1444,Ind,Dose2,2,3
1445,Rep,Dose2,2,2
1446,Dem,Dose2,2,3
1447,Rep,Dose2,2,2
1448,Rep,Dose2,2,2
1449,Rep,Dose2,2,1
1450,Rep,Dose2,2,2
1451,Ind,Dose2,2,3
1452,Ind,Dose2,2,4
1453,Rep,Dose2,2,2
1454,Ind,Dose2,2,3
1455,Dem,Dose2,2,4
1456,Rep,Dose2,2,1
1457,Rep,Dose2,2,3
1458,Rep,Dose2,2,2
1459,Dem,Dose2,2,4
1460,Ind,Dose2,2,4
1461,Ind,Dose2,2,3
1462,Ind,Dose2,2,3
1463,Dem,Dose2,2,4
1464,Ind,Dose2,2,4
1465,Rep,Dose2,2,1
1466,Dem,Dose2,2,3
1467,Rep,Dose2,2,2
1468,Ind,Dose2,2,3
1469,Rep,Dose2,2,3
1470,Rep,Dose2,2,2
1471,Ind,Dose2,2,3
1472,Rep,Dose2,2,3
1473,Rep,Dose2,2,1
1474,Ind,Dose2,2,3
1475,Dem,Dose2,2,4
1476,Ind,Dose2,2,3
1477,Rep,Dose2,2,2
1478,Rep,Dose2,2,2
1479,Rep,Dose2,2,1
1480,Ind,Dose2,2,3
1481,Rep,Dose2,2,2
1482,Dem,Dose2,2,4
1483,Ind,Dose2,2,3
1484,Dem,Dose2,2,4
1485,Dem,Dose2,2,4
1486,Ind,Dose2,2,3
1487,Ind,Dose2,2,3
1488,Rep,Dose2,2,2
1489,Ind,Dose2,2,4
1490,Ind,Dose2,2,3
1491,Dem,Dose2,2,4
1492,Ind,Dose2,2,3
1493,Dem,Dose2,2,4
1494,Dem,Dose2,2,3
1495,Ind,Dose2,2,4
1496,Ind,Dose2,2,3
1497,Ind,Dose2,2,3
1498,Ind,Dose2,2,4
1499,Ind,Dose2,2,3
1500,Rep,Dose2,2,2
1501,Ind,Dose3,3,3
1502,Ind,Dose3,3,3
1503,Dem,Dose3,3,5
1504,Ind,Dose3,3,3
1505,Ind,Dose3,3,3
1506,Ind,Dose3,3,3
1507,Ind,Dose3,3,3
1508,Ind,Dose3,3,3
1509,Ind,Dose3,3,3
1510,Rep,Dose3,3,1
1511,Rep,Dose3,3,1
1512,Rep,Dose3,3,1
1513,Rep,Dose3,3,1
1514,Dem,Dose3,3,5
1515,Dem,Dose3,3,5
1516,Dem,Dose3,3,5
1517,Ind,Dose3,3,3
1518,Rep,Dose3,3,2
1519,Dem,Dose3,3,4
1520,Rep,Dose3,3,2
1521,Dem,Dose3,3,5
1522,Rep,Dose3,3,2
1523,Ind,Dose3,3,3
1524,Dem,Dose3,3,5
1525,Ind,Dose3,3,4
1526,Dem,Dose3,3,5
1527,Dem,Dose3,3,5
1528,Dem,Dose3,3,4
1529,Rep,Dose3,3,2
1530,Ind,Dose3,3,3
1531,Dem,Dose3,3,4
1532,Ind,Dose3,3,3
1533,Rep,Dose3,3,1
1534,Dem,Dose3,3,5
1535,Ind,Dose3,3,3
1536,Dem,Dose3,3,5
1537,Dem,Dose3,3,4
1538,Rep,Dose3,3,2
1539,Dem,Dose3,3,4
1540,Ind,Dose3,3,4
1541,Rep,Dose3,3,1
1542,Dem,Dose3,3,5
1543,Ind,Dose3,3,3
1544,Dem,Dose3,3,5
1545,Rep,Dose3,3,2
1546,Ind,Dose3,3,4
1547,Rep,Dose3,3,1
1548,Ind,Dose3,3,4
1549,Dem,Dose3,3,4
1550,Ind,Dose3,3,4
1551,Rep,Dose3,3,2
1552,Ind,Dose3,3,4
1553,Rep,Dose3,3,1
1554,Rep,Dose3,3,2
1555,Dem,Dose3,3,4
1556,Dem,Dose3,3,5
1557,Ind,Dose3,3,4
1558,Ind,Dose3,3,2
1559,Rep,Dose3,3,1
1560,Rep,Dose3,3,1
1561,Ind,Dose3,3,3
1562,Dem,Dose3,3,4
1563,Rep,Dose3,3,2
1564,Dem,Dose3,3,5
1565,Rep,Dose3,3,1
1566,Ind,Dose3,3,3
1567,Ind,Dose3,3,4
1568,Dem,Dose3,3,5
1569,Ind,Dose3,3,3
1570,Ind,Dose3,3,3
1571,Ind,Dose3,3,4
1572,Dem,Dose3,3,4
1573,Rep,Dose3,3,1
1574,Rep,Dose3,3,2
1575,Dem,Dose3,3,4
1576,Dem,Dose3,3,5
1577,Dem,Dose3,3,5
1578,Ind,Dose3,3,3
1579,Ind,Dose3,3,3
1580,Ind,Dose3,3,3
1581,Dem,Dose3,3,4
1582,Ind,Dose3,3,4
1583,Ind,Dose3,3,3
1584,Ind,Dose3,3,4
1585,Rep,Dose3,3,2
1586,Dem,Dose3,3,4
1587,Rep,Dose3,3,2
1588,Ind,Dose3,3,3
1589,Ind,Dose3,3,4
1590,Rep,Dose3,3,1
1591,Rep,Dose3,3,1
1592,Rep,Dose3,3,1
1593,Dem,Dose3,3,5
1594,Dem,Dose3,3,5
1595,Rep,Dose3,3,1
1596,Ind,Dose3,3,3
1597,Dem,Dose3,3,4
1598,Dem,Dose3,3,4
1599,Dem,Dose3,3,5
1600,Rep,Dose3,3,1
1601,Dem,Dose3,3,3
1602,Dem,Dose3,3,4
1603,Dem,Dose3,3,4
1604,Ind,Dose3,3,2
1605,Dem,Dose3,3,4
1606,Ind,Dose3,3,3
1607,Dem,Dose3,3,5
1608,Rep,Dose3,3,2
1609,Dem,Dose3,3,4
1610,Ind,Dose3,3,4
1611,Rep,Dose3,3,1
1612,Ind,Dose3,3,3
1613,Ind,Dose3,3,3
1614,Dem,Dose3,3,4
1615,Ind,Dose3,3,3
1616,Ind,Dose3,3,3
1617,Rep,Dose3,3,1
1618,Ind,Dose3,3,3
1619,Ind,Dose3,3,3
1620,Rep,Dose3,3,2
1621,Ind,Dose3,3,3
1622,Dem,Dose3,3,5
1623,Ind,Dose3,3,3
1624,Rep,Dose3,3,1
1625,Dem,Dose3,3,4
1626,Rep,Dose3,3,1
1627,Dem,Dose3,3,5
1628,Ind,Dose3,3,4
1629,Dem,Dose3,3,5
1630,Ind,Dose3,3,4
1631,Rep,Dose3,3,1
1632,Ind,Dose3,3,3
1633,Ind,Dose3,3,3
1634,Rep,Dose3,3,2
1635,Rep,Dose3,3,1
1636,Dem,Dose3,3,5
1637,Ind,Dose3,3,4
1638,Dem,Dose3,3,5
1639,Rep,Dose3,3,1
1640,Rep,Dose3,3,2
1641,Ind,Dose3,3,4
1642,Rep,Dose3,3,1
1643,Ind,Dose3,3,3
1644,Ind,Dose3,3,2
1645,Dem,Dose3,3,5
1646,Rep,Dose3,3,1
1647,Dem,Dose3,3,4
1648,Rep,Dose3,3,2
1649,Rep,Dose3,3,2
1650,Rep,Dose3,3,2
1651,Dem,Dose3,3,5
1652,Dem,Dose3,3,5
1653,Dem,Dose3,3,4
1654,Ind,Dose3,3,3
1655,Dem,Dose3,3,4
1656,Rep,Dose3,3,2
1657,Ind,Dose3,3,4
1658,Dem,Dose3,3,5
1659,Ind,Dose3,3,4
1660,Ind,Dose3,3,3
1661,Ind,Dose3,3,4
1662,Ind,Dose3,3,4
1663,Rep,Dose3,3,2
1664,Ind,Dose3,3,4
1665,Rep,Dose3,3,1
1666,Rep,Dose3,3,1
1667,Dem,Dose3,3,4
1668,Rep,Dose3,3,2
1669,Dem,Dose3,3,4
1670,Rep,Dose3,3,2
1671,Ind,Dose3,3,4
1672,Rep,Dose3,3,2
1673,Rep,Dose3,3,2
1674,Rep,Dose3,3,1
1675,Rep,Dose3,3,1
1676,Dem,Dose3,3,5
1677,Dem,Dose3,3,5
1678,Ind,Dose3,3,3
1679,Dem,Dose3,3,4
1680,Rep,Dose3,3,1
1681,Ind,Dose3,3,3
1682,Rep,Dose3,3,2
1683,Ind,Dose3,3,3
1684,Rep,Dose3,3,2
1685,Dem,Dose3,3,5
1686,Rep,Dose3,3,1
1687,Rep,Dose3,3,2
1688,Ind,Dose3,3,4
1689,Ind,Dose3,3,3
1690,Rep,Dose3,3,3
1691,Dem,Dose3,3,4
1692,Ind,Dose3,3,4
1693,Ind,Dose3,3,3
1694,Dem,Dose3,3,5
1695,Ind,Dose3,3,4
1696,Dem,Dose3,3,4
1697,Dem,Dose3,3,5
1698,Dem,Dose3,3,4
1699,Rep,Dose3,3,2
1700,Ind,Dose3,3,3
1701,Rep,Dose3,3,2
1702,Ind,Dose3,3,4
1703,Dem,Dose3,3,5
1704,Ind,Dose3,3,3
1705,Ind,Dose3,3,3
1706,Dem,Dose3,3,4
1707,Ind,Dose3,3,4
1708,Dem,Dose3,3,5
1709,Ind,Dose3,3,3
1710,Ind,Dose3,3,3
1711,Dem,Dose3,3,4
1712,Dem,Dose3,3,5
1713,Rep,Dose3,3,2
1714,Ind,Dose3,3,4
1715,Dem,Dose3,3,4
1716,Rep,Dose3,3,1
1717,Dem,Dose3,3,5
1718,Rep,Dose3,3,2
1719,Rep,Dose3,3,1
1720,Dem,Dose3,3,4
1721,Dem,Dose3,3,5
1722,Dem,Dose3,3,5
1723,Dem,Dose3,3,4
1724,Dem,Dose3,3,5
1725,Rep,Dose3,3,2
1726,Dem,Dose3,3,5
1727,Ind,Dose3,3,3
1728,Rep,Dose3,3,2
1729,Rep,Dose3,3,1
1730,Ind,Dose3,3,3
1731,Dem,Dose3,3,3
1732,Ind,Dose3,3,4
1733,Ind,Dose3,3,3
1734,Ind,Dose3,3,4
1735,Dem,Dose3,3,4
1736,Rep,Dose3,3,1
1737,Ind,Dose3,3,3
1738,Dem,Dose3,3,4
1739,Ind,Dose3,3,4
1740,Ind,Dose3,3,2
1741,Rep,Dose3,3,2
1742,Rep,Dose3,3,2
1743,Rep,Dose3,3,1
1744,Dem,Dose3,3,4
1745,Ind,Dose3,3,4
1746,Ind,Dose3,3,3
1747,Dem,Dose3,3,4
1748,Dem,Dose3,3,5
1749,Rep,Dose3,3,2
1750,Dem,Dose3,3,4
1751,Ind,Dose3,3,3
1752,Dem,Dose3,3,4
1753,Dem,Dose3,3,5
1754,Dem,Dose3,3,5
1755,Rep,Dose3,3,2
1756,Rep,Dose3,3,2
1757,Rep,Dose3,3,2
1758,Ind,Dose3,3,3
1759,Dem,Dose3,3,4
1760,Ind,Dose3,3,4
1761,Ind,Dose3,3,4
1762,Rep,Dose3,3,1
1763,Dem,Dose3,3,4
1764,Ind,Dose3,3,4
1765,Dem,Dose3,3,4
1766,Dem,Dose3,3,4
1767,Rep,Dose3,3,2
1768,Ind,Dose3,3,4
1769,Ind,Dose3,3,3
1770,Ind,Dose3,3,3
1771,Ind,Dose3,3,3
1772,Rep,Dose3,3,2
1773,Rep,Dose3,3,2
1774,Rep,Dose3,3,2
1775,Rep,Dose3,3,1
1776,Dem,Dose3,3,4
1777,Rep,Dose3,3,1
1778,Ind,Dose3,3,4
1779,Dem,Dose3,3,5
1780,Rep,Dose3,3,1
1781,Dem,Dose3,3,5
1782,Rep,Dose3,3,2
1783,Ind,Dose3,3,4
1784,Ind,Dose3,3,3
1785,Ind,Dose3,3,3
1786,Rep,Dose3,3,1
1787,Ind,Dose3,3,4
1788,Ind,Dose3,3,4
1789,Dem,Dose3,3,5
1790,Ind,Dose3,3,3
1791,Dem,Dose3,3,4
1792,Rep,Dose3,3,2
1793,Ind,Dose3,3,3
1794,Rep,Dose3,3,2
1795,Dem,Dose3,3,4
1796,Dem,Dose3,3,5
1797,Rep,Dose3,3,2
1798,Dem,Dose3,3,4
1799,Dem,Dose3,3,4
1800,Dem,Dose3,3,4
1801,Rep,Dose3,3,2
1802,Rep,Dose3,3,2
1803,Ind,Dose3,3,3
1804,Dem,Dose3,3,4
1805,Ind,Dose3,3,3
1806,Rep,Dose3,3,1
1807,Ind,Dose3,3,4
1808,Dem,Dose3,3,4
1809,Dem,Dose3,3,4
1810,Dem,Dose3,3,4
1811,Ind,Dose3,3,2
1812,Rep,Dose3,3,1
1813,Dem,Dose3,3,4
1814,Dem,Dose3,3,5
1815,Dem,Dose3,3,4
1816,Rep,Dose3,3,2
1817,Dem,Dose3,3,5
1818,Rep,Dose3,3,2
1819,Ind,Dose3,3,3
1820,Ind,Dose3,3,3
1821,Dem,Dose3,3,5
1822,Dem,Dose3,3,5
1823,Ind,Dose3,3,2
1824,Rep,Dose3,3,1
1825,Ind,Dose3,3,3
1826,Ind,Dose3,3,3
1827,Dem,Dose3,3,5
1828,Rep,Dose3,3,1
1829,Rep,Dose3,3,3
1830,Dem,Dose3,3,5
1831,Rep,Dose3,3,2
1832,Ind,Dose3,3,4
1833,Ind,Dose3,3,4
1834,Rep,Dose3,3,1
1835,Rep,Dose3,3,1
1836,Ind,Dose3,3,3
1837,Dem,Dose3,3,5
1838,Ind,Dose3,3,3
1839,Rep,Dose3,3,1
1840,Dem,Dose3,3,4
1841,Ind,Dose3,3,3
1842,Ind,Dose3,3,3
1843,Ind,Dose3,3,4
1844,Ind,Dose3,3,3
1845,Rep,Dose3,3,2
1846,Dem,Dose3,3,5
1847,Dem,Dose3,3,5
1848,Dem,Dose3,3,4
1849,Rep,Dose3,3,2
1850,Ind,Dose3,3,4
1851,Dem,Dose3,3,5
1852,Rep,Dose3,3,1
1853,Rep,Dose3,3,2
1854,Rep,Dose3,3,1
1855,Rep,Dose3,3,2
1856,Dem,Dose3,3,5
1857,Rep,Dose3,3,1
1858,Ind,Dose3,3,4
1859,Rep,Dose3,3,1
1860,Rep,Dose3,3,1
1861,Rep,Dose3,3,2
1862,Ind,Dose3,3,3
1863,Dem,Dose3,3,4
1864,Ind,Dose3,3,3
1865,Rep,Dose3,3,2
1866,Rep,Dose3,3,2
1867,Dem,Dose3,3,4
1868,Dem,Dose3,3,4
1869,Dem,Dose3,3,4
1870,Rep,Dose3,3,1
1871,Rep,Dose3,3,2
1872,Dem,Dose3,3,5
1873,Ind,Dose3,3,2
1874,Rep,Dose3,3,2
1875,Rep,Dose3,3,2
1876,Ind,Dose3,3,4
1877,Ind,Dose3,3,4
1878,Ind,Dose3,3,4
1879,Dem,Dose3,3,5
1880,Ind,Dose3,3,4
1881,Rep,Dose3,3,2
1882,Rep,Dose3,3,1
1883,Ind,Dose3,3,4
1884,Rep,Dose3,3,2
1885,Dem,Dose3,3,5
1886,Ind,Dose3,3,3
1887,Dem,Dose3,3,4
1888,Dem,Dose3,3,5
1889,Rep,Dose3,3,2
1890,Rep,Dose3,3,1
1891,Dem,Dose3,3,5
1892,Ind,Dose3,3,4
1893,Rep,Dose3,3,2
1894,Dem,Dose3,3,4
1895,Ind,Dose3,3,3
1896,Rep,Dose3,3,1
1897,Ind,Dose3,3,3
1898,Dem,Dose3,3,4
1899,Ind,Dose3,3,3
1900,Rep,Dose3,3,1
1901,Ind,Dose3,3,3
1902,Dem,Dose3,3,4
1903,Rep,Dose3,3,1
1904,Dem,Dose3,3,5
1905,Rep,Dose3,3,2
1906,Dem,Dose3,3,4
1907,Rep,Dose3,3,2
1908,Ind,Dose3,3,3
1909,Dem,Dose3,3,5
1910,Dem,Dose3,3,5
1911,Dem,Dose3,3,5
1912,Rep,Dose3,3,2
1913,Rep,Dose3,3,2
1914,Ind,Dose3,3,3
1915,Ind,Dose3,3,3
1916,Rep,Dose3,3,2
1917,Rep,Dose3,3,1
1918,Ind,Dose3,3,3
1919,Ind,Dose3,3,3
1920,Ind,Dose3,3,3
1921,Rep,Dose3,3,2
1922,Dem,Dose3,3,4
1923,Ind,Dose3,3,3
1924,Ind,Dose3,3,3
1925,Rep,Dose3,3,2
1926,Dem,Dose3,3,3
1927,Ind,Dose3,3,4
1928,Ind,Dose3,3,4
1929,Ind,Dose3,3,3
1930,Dem,Dose3,3,3
1931,Ind,Dose3,3,3
1932,Ind,Dose3,3,3
1933,Ind,Dose3,3,3
1934,Ind,Dose3,3,3
1935,Rep,Dose3,3,2
1936,Rep,Dose3,3,2
1937,Dem,Dose3,3,4
1938,Rep,Dose3,3,1
1939,Ind,Dose3,3,3
1940,Dem,Dose3,3,4
1941,Dem,Dose3,3,5
1942,Ind,Dose3,3,3
1943,Rep,Dose3,3,2
1944,Rep,Dose3,3,2
1945,Rep,Dose3,3,2
1946,Ind,Dose3,3,3
1947,Ind,Dose3,3,3
1948,Dem,Dose3,3,4
1949,Dem,Dose3,3,5
1950,Ind,Dose3,3,3
1951,Dem,Dose3,3,5
1952,Dem,Dose3,3,5
1953,Ind,Dose3,3,3
1954,Rep,Dose3,3,1
1955,Rep,Dose3,3,2
1956,Rep,Dose3,3,1
1957,Ind,Dose3,3,4
1958,Ind,Dose3,3,3
1959,Ind,Dose3,3,4
1960,Rep,Dose3,3,1
1961,Dem,Dose3,3,5
1962,Ind,Dose3,3,2
1963,Rep,Dose3,3,2
1964,Ind,Dose3,3,4
1965,Ind,Dose3,3,3
1966,Ind,Dose3,3,4
1967,Dem,Dose3,3,5
1968,Ind,Dose3,3,2
1969,Ind,Dose3,3,4
1970,Dem,Dose3,3,3
1971,Dem,Dose3,3,4
1972,Rep,Dose3,3,2
1973,Dem,Dose3,3,4
1974,Ind,Dose3,3,3
1975,Dem,Dose3,3,4
1976,Rep,Dose3,3,3
1977,Dem,Dose3,3,4
1978,Ind,Dose3,3,3
1979,Rep,Dose3,3,2
1980,Rep,Dose3,3,2
1981,Dem,Dose3,3,4
1982,Rep,Dose3,3,1
1983,Ind,Dose3,3,4
1984,Ind,Dose3,3,4
1985,Dem,Dose3,3,5
1986,Dem,Dose3,3,4
1987,Rep,Dose3,3,1
1988,Ind,Dose3,3,3
1989,Ind,Dose3,3,3
1990,Rep,Dose3,3,2
1991,Rep,Dose3,3,2
1992,Dem,Dose3,3,4
1993,Ind,Dose3,3,4
1994,Dem,Dose3,3,5
1995,Rep,Dose3,3,2
1996,Ind,Dose3,3,4
1997,Rep,Dose3,3,1
1998,Dem,Dose3,3,4
1999,Dem,Dose3,3,4
2000,Dem,Dose3,3,4
